subj,task,run,abs_mean,rel_mean,pct_removed
101309,SOCIAL,LR,0.559692,0.051542,0.535714
101309,SOCIAL,RL,0.259785,0.047482,0.586207
101309,WM,LR,0.457543,0.054483,0.617647
101309,WM,RL,0.570875,0.047655,0.656250
101309,GAMBLING,LR,0.568397,0.050826,0.636364
101309,GAMBLING,RL,0.264259,0.050647,0.680000
101309,EMOTION,LR,1.107670,0.055500,0.750000
101309,EMOTION,RL,0.268902,0.048654,0.526316
102715,SOCIAL,LR,0.292521,0.067539,0.483871
102715,SOCIAL,RL,0.249098,0.069671,0.437500
102715,WM,LR,0.250883,0.092697,0.285714
102715,WM,RL,0.575024,0.081527,0.315789
102715,GAMBLING,LR,0.162934,0.063528,0.571429
102715,GAMBLING,RL,0.220238,0.074239,0.464286
102715,EMOTION,LR,0.115041,0.062103,0.541667
102715,EMOTION,RL,0.209582,0.061380,0.608696
103414,SOCIAL,LR,0.291161,0.075093,0.642857
103414,SOCIAL,RL,0.138910,0.067544,0.653846
103414,WM,LR,0.518454,0.085164,0.580645
103414,WM,RL,1.335660,0.086774,0.705882
103414,GAMBLING,LR,0.307731,0.101214,0.629630
103414,GAMBLING,RL,0.208697,0.092240,0.619048
103414,EMOTION,LR,0.379202,0.076126,0.652174
103414,EMOTION,RL,0.385328,0.084525,0.708333
104820,SOCIAL,LR,0.469408,0.127241,0.576923
104820,SOCIAL,RL,0.480953,0.114663,0.590909
104820,WM,LR,0.548804,0.114633,0.592593
104820,WM,RL,1.435010,0.118490,0.714286
104820,GAMBLING,LR,0.271320,0.126363,0.750000
104820,GAMBLING,RL,0.362553,0.120462,0.714286
104820,EMOTION,LR,0.137814,0.132787,0.526316
104820,EMOTION,RL,0.196642,0.136497,0.578947
105115,SOCIAL,LR,0.206571,0.060414,0.516129
105115,SOCIAL,RL,0.229769,0.059500,0.344828
105115,WM,LR,0.299517,0.058770,0.525000
105115,WM,RL,0.349534,0.074227,0.585366
105115,GAMBLING,LR,0.141338,0.052768,0.466667
105115,GAMBLING,RL,0.164044,0.063211,0.535714
105115,EMOTION,LR,0.248094,0.065613,0.416667
105115,EMOTION,RL,0.140455,0.071641,0.521739
107422,SOCIAL,LR,0.192958,0.061175,0.517241
107422,SOCIAL,RL,0.132480,0.058422,0.428571
107422,WM,LR,0.122704,0.067765,0.529412
107422,WM,RL,0.171442,0.068253,0.500000
107422,GAMBLING,LR,0.142668,0.061175,0.576923
107422,GAMBLING,RL,0.170947,0.068394,0.520000
107422,EMOTION,LR,0.072696,0.057262,0.363636
107422,EMOTION,RL,0.118682,0.052944,0.526316
108121,SOCIAL,LR,0.318457,0.181687,0.527778
108121,SOCIAL,RL,0.418937,0.166186,0.514286
108121,WM,LR,0.731004,0.160274,0.604651
108121,WM,RL,0.527456,0.174948,0.585366
108121,GAMBLING,LR,0.354676,0.160456,0.633333
108121,GAMBLING,RL,0.522729,0.185442,0.636364
108121,EMOTION,LR,0.261874,0.181680,0.615385
108121,EMOTION,RL,0.262346,0.177389,0.538462
108323,SOCIAL,LR,0.192466,0.053013,0.593750
108323,SOCIAL,RL,0.382967,0.062611,0.709677
108323,WM,LR,0.171272,0.046354,0.647059
108323,WM,RL,0.437815,0.045154,0.777778
108323,GAMBLING,LR,0.117487,0.055255,0.769231
108323,GAMBLING,RL,0.409928,0.043001,0.703704
108323,EMOTION,LR,0.415968,0.060346,0.666667
108323,EMOTION,RL,0.660227,0.060167,0.782609
109325,SOCIAL,LR,0.488098,0.125228,0.358974
109325,SOCIAL,RL,0.308147,0.102936,0.638889
109325,WM,LR,0.318708,0.141911,0.521739
109325,WM,RL,0.203136,0.130197,0.540541
109325,GAMBLING,LR,0.284863,0.131643,0.500000
109325,GAMBLING,RL,0.216342,0.120699,0.678571
109325,EMOTION,LR,0.479413,0.132379,0.689655
109325,EMOTION,RL,0.256478,0.115964,0.615385
113922,SOCIAL,LR,0.136986,0.058562,0.545455
113922,SOCIAL,RL,0.200672,0.063869,0.636364
113922,WM,LR,0.526909,0.074159,0.513514
113922,WM,RL,0.720433,0.078435,0.621622
113922,GAMBLING,LR,0.219199,0.078820,0.593750
113922,GAMBLING,RL,0.346579,0.071278,0.625000
113922,EMOTION,LR,0.104551,0.071257,0.480000
113922,EMOTION,RL,0.243362,0.055951,0.560000
115724,SOCIAL,LR,0.073367,0.058424,0.481481
115724,SOCIAL,RL,0.087373,0.055147,0.500000
115724,WM,LR,0.193824,0.045925,0.555556
115724,WM,RL,0.085543,0.044049,0.545455
115724,GAMBLING,LR,0.252460,0.045556,0.555556
115724,GAMBLING,RL,0.098513,0.037784,0.571429
115724,EMOTION,LR,0.151421,0.077483,0.384615
115724,EMOTION,RL,0.086352,0.064826,0.434783
117122,SOCIAL,LR,0.966548,0.062811,0.689655
117122,SOCIAL,RL,0.369710,0.071197,0.620690
117122,WM,LR,0.482152,0.087835,0.675000
117122,WM,RL,0.427814,0.081108,0.647059
117122,GAMBLING,LR,0.122893,0.081284,0.714286
117122,GAMBLING,RL,0.259646,0.081355,0.720000
117122,EMOTION,LR,0.150086,0.073926,0.608696
117122,EMOTION,RL,0.255775,0.056395,0.619048
118730,SOCIAL,LR,0.214814,0.097265,0.552632
118730,SOCIAL,RL,0.259442,0.083085,0.500000
118730,WM,LR,0.396137,0.106765,0.534884
118730,WM,RL,0.573711,0.102779,0.575000
118730,GAMBLING,LR,0.191326,0.108575,0.741935
118730,GAMBLING,RL,0.155430,0.112158,0.625000
118730,EMOTION,LR,0.234232,0.092738,0.590909
118730,EMOTION,RL,0.608702,0.074013,0.695652
119833,SOCIAL,LR,0.153902,0.119145,0.605263
119833,SOCIAL,RL,0.239062,0.105301,0.488372
119833,WM,LR,0.441027,0.118410,0.714286
119833,WM,RL,0.552958,0.132540,0.634146
119833,GAMBLING,LR,0.310674,0.121911,0.656250
119833,GAMBLING,RL,0.353058,0.131611,0.617647
119833,EMOTION,LR,0.633508,0.090729,0.576923
119833,EMOTION,RL,0.101822,0.091876,0.458333
120414,SOCIAL,LR,0.180235,0.050614,0.565217
120414,SOCIAL,RL,0.226707,0.056931,0.571429
120414,WM,LR,0.369327,0.056278,0.424242
120414,WM,RL,0.359847,0.049878,0.516129
120414,GAMBLING,LR,0.216698,0.055815,0.600000
120414,GAMBLING,RL,0.600346,0.059895,0.714286
120414,EMOTION,LR,0.523570,0.061634,0.652174
120414,EMOTION,RL,1.505270,0.071883,0.761905
120717,SOCIAL,LR,0.961588,0.062907,0.433333
120717,SOCIAL,RL,0.342821,0.070261,0.600000
120717,WM,LR,1.652330,0.113495,0.676471
120717,WM,RL,0.867856,0.100923,0.611111
120717,GAMBLING,LR,0.324875,0.101305,0.636364
120717,GAMBLING,RL,0.505361,0.082332,0.666667
120717,EMOTION,LR,0.714940,0.069225,0.541667
120717,EMOTION,RL,0.219654,0.068370,0.666667
122620,SOCIAL,LR,0.418266,0.045473,0.592593
122620,SOCIAL,RL,0.306176,0.053004,0.516129
122620,WM,LR,0.312735,0.067167,0.687500
122620,WM,RL,0.292334,0.056352,0.696970
122620,GAMBLING,LR,0.316892,0.062595,0.615385
122620,GAMBLING,RL,0.323044,0.061154,0.750000
122620,EMOTION,LR,0.262992,0.052838,0.636364
122620,EMOTION,RL,0.165460,0.048708,0.608696
123925,SOCIAL,LR,0.603277,0.105468,0.628571
123925,SOCIAL,RL,0.572679,0.087537,0.600000
123925,WM,LR,0.493292,0.099613,0.620690
123925,WM,RL,2.053020,0.107383,0.787879
123925,GAMBLING,LR,0.799221,0.097154,0.695652
123925,GAMBLING,RL,0.211291,0.124694,0.666667
123925,EMOTION,LR,0.668020,0.106563,0.583333
123925,EMOTION,RL,1.711090,0.112005,0.750000
124624,SOCIAL,LR,0.369076,0.135355,0.533333
124624,SOCIAL,RL,0.501856,0.110654,0.517241
124624,WM,LR,0.176905,0.143833,0.470588
124624,WM,RL,0.170636,0.087919,0.468750
124624,GAMBLING,LR,0.374632,0.142585,0.821429
124624,GAMBLING,RL,0.166320,0.127994,0.565217
124624,EMOTION,LR,0.128505,0.087400,0.590909
124624,EMOTION,RL,0.110807,0.119022,0.478261
128026,SOCIAL,LR,0.969386,0.095885,0.411765
128026,SOCIAL,RL,1.156850,0.090605,0.472222
128026,WM,LR,0.279109,0.103373,0.317073
128026,WM,RL,0.372885,0.101875,0.380952
128026,GAMBLING,LR,0.638620,0.091889,0.419355
128026,GAMBLING,RL,0.403377,0.094322,0.533333
128026,EMOTION,LR,0.378395,0.082853,0.478261
128026,EMOTION,RL,0.462921,0.081746,0.590909
128632,SOCIAL,LR,0.260441,0.062142,0.413793
128632,SOCIAL,RL,0.204754,0.078826,0.517241
128632,WM,LR,0.534547,0.068928,0.621622
128632,WM,RL,0.544714,0.066240,0.558824
128632,GAMBLING,LR,0.167205,0.067059,0.535714
128632,GAMBLING,RL,0.120262,0.064116,0.640000
128632,EMOTION,LR,0.434793,0.087283,0.592593
128632,EMOTION,RL,0.275135,0.065291,0.565217
129028,SOCIAL,LR,0.107551,0.053716,0.433333
129028,SOCIAL,RL,0.070716,0.052747,0.344828
129028,WM,LR,0.129785,0.073791,0.593750
129028,WM,RL,0.190141,0.071760,0.575758
129028,GAMBLING,LR,0.116889,0.068702,0.620690
129028,GAMBLING,RL,0.119077,0.072619,0.500000
129028,EMOTION,LR,0.106873,0.047435,0.380952
129028,EMOTION,RL,0.117288,0.052192,0.583333
129129,SOCIAL,LR,0.378829,0.065470,0.454545
129129,SOCIAL,RL,0.270933,0.075929,0.521739
129129,WM,LR,0.344663,0.085101,0.593750
129129,WM,RL,0.644109,0.106953,0.666667
129129,GAMBLING,LR,0.467133,0.065000,0.695652
129129,GAMBLING,RL,0.297255,0.105576,0.652174
129129,EMOTION,LR,0.337063,0.075705,0.550000
129129,EMOTION,RL,0.261656,0.073800,0.450000
130518,SOCIAL,LR,0.372147,0.111689,0.428571
130518,SOCIAL,RL,0.566380,0.113369,0.466667
130518,WM,LR,0.482872,0.162958,0.622222
130518,WM,RL,1.024430,0.146432,0.604651
130518,GAMBLING,LR,0.383158,0.149905,0.666667
130518,GAMBLING,RL,0.492559,0.133908,0.518519
130518,EMOTION,LR,0.375435,0.191423,0.593750
130518,EMOTION,RL,0.385911,0.252377,0.523810
133019,SOCIAL,LR,0.697583,0.069825,0.325000
133019,SOCIAL,RL,0.297380,0.060278,0.555556
133019,WM,LR,0.444201,0.067043,0.465116
133019,WM,RL,0.145027,0.098213,0.560976
133019,GAMBLING,LR,0.385978,0.058639,0.484848
133019,GAMBLING,RL,0.187762,0.077571,0.500000
133019,EMOTION,LR,0.646450,0.072854,0.535714
133019,EMOTION,RL,0.748832,0.066568,0.600000
133625,SOCIAL,LR,0.226068,0.077327,0.548387
133625,SOCIAL,RL,0.538687,0.075568,0.677419
133625,WM,LR,0.138693,0.063188,0.628571
133625,WM,RL,0.148874,0.065710,0.545455
133625,GAMBLING,LR,0.096751,0.060615,0.517241
133625,GAMBLING,RL,0.114411,0.055831,0.576923
133625,EMOTION,LR,0.146042,0.082558,0.583333
133625,EMOTION,RL,0.107286,0.074702,0.727273
133827,SOCIAL,LR,0.374615,0.089437,0.566667
133827,SOCIAL,RL,0.268441,0.087641,0.444444
133827,WM,LR,0.404582,0.060281,0.575758
133827,WM,RL,0.311440,0.064209,0.500000
133827,GAMBLING,LR,0.549542,0.064266,0.541667
133827,GAMBLING,RL,0.235657,0.059866,0.545455
133827,EMOTION,LR,0.255810,0.121001,0.560000
133827,EMOTION,RL,0.230444,0.105093,0.560000
135124,SOCIAL,LR,0.197252,0.063291,0.555556
135124,SOCIAL,RL,0.158890,0.048239,0.583333
135124,WM,LR,0.317348,0.039780,0.586207
135124,WM,RL,0.517267,0.041518,0.535714
135124,GAMBLING,LR,0.181626,0.041633,0.619048
135124,GAMBLING,RL,0.218369,0.043585,0.590909
135124,EMOTION,LR,0.119690,0.074624,0.545455
135124,EMOTION,RL,0.140812,0.072114,0.650000
136833,SOCIAL,LR,0.327955,0.091774,0.531250
136833,SOCIAL,RL,0.360415,0.083114,0.406250
136833,WM,LR,0.376741,0.100289,0.513514
136833,WM,RL,0.306450,0.099606,0.515152
136833,GAMBLING,LR,0.245925,0.101736,0.615385
136833,GAMBLING,RL,0.311994,0.099753,0.653846
136833,EMOTION,LR,0.369364,0.079268,0.545455
136833,EMOTION,RL,0.328270,0.082046,0.666667
137027,SOCIAL,LR,0.148460,0.071738,0.571429
137027,SOCIAL,RL,0.085498,0.064856,0.576923
137027,WM,LR,0.391782,0.053926,0.656250
137027,WM,RL,0.776831,0.053391,0.764706
137027,GAMBLING,LR,0.144779,0.062369,0.655172
137027,GAMBLING,RL,0.140190,0.058030,0.730769
137027,EMOTION,LR,0.163776,0.049004,0.681818
137027,EMOTION,RL,0.092604,0.050439,0.700000
137229,SOCIAL,LR,0.250980,0.121965,0.518519
137229,SOCIAL,RL,0.131831,0.139950,0.576923
137229,WM,LR,0.132703,0.098445,0.500000
137229,WM,RL,0.240313,0.101694,0.586207
137229,GAMBLING,LR,0.208443,0.103872,0.538462
137229,GAMBLING,RL,0.155733,0.114665,0.565217
137229,EMOTION,LR,0.104475,0.127943,0.476190
137229,EMOTION,RL,0.188582,0.115617,0.636364
138534,SOCIAL,LR,0.363119,0.068146,0.593750
138534,SOCIAL,RL,0.168841,0.068675,0.480000
138534,WM,LR,0.131696,0.072916,0.441176
138534,WM,RL,0.257349,0.079538,0.500000
138534,GAMBLING,LR,0.154239,0.076714,0.392857
138534,GAMBLING,RL,0.140670,0.081194,0.400000
138534,EMOTION,LR,0.078631,0.048539,0.550000
138534,EMOTION,RL,0.141161,0.114766,0.650000
139637,SOCIAL,LR,0.424486,0.061329,0.428571
139637,SOCIAL,RL,0.125967,0.054382,0.500000
139637,WM,LR,0.203894,0.083099,0.625000
139637,WM,RL,0.857291,0.060396,0.638889
139637,GAMBLING,LR,0.207070,0.091183,0.583333
139637,GAMBLING,RL,0.284777,0.072694,0.625000
139637,EMOTION,LR,0.136962,0.079118,0.590909
139637,EMOTION,RL,0.267015,0.070310,0.576923
139839,SOCIAL,LR,0.253675,0.050301,0.533333
139839,SOCIAL,RL,0.220134,0.064510,0.612903
139839,WM,LR,0.541010,0.062963,0.625000
139839,WM,RL,0.573074,0.069446,0.600000
139839,GAMBLING,LR,0.295085,0.057221,0.703704
139839,GAMBLING,RL,0.428640,0.066939,0.692308
139839,EMOTION,LR,0.408650,0.067659,0.681818
139839,EMOTION,RL,0.345703,0.061379,0.636364
141422,SOCIAL,LR,0.381044,0.050009,0.583333
141422,SOCIAL,RL,0.522306,0.054387,0.625000
141422,WM,LR,0.483122,0.056921,0.531250
141422,WM,RL,0.592967,0.049599,0.600000
141422,GAMBLING,LR,0.310165,0.065424,0.625000
141422,GAMBLING,RL,0.197303,0.070985,0.695652
141422,EMOTION,LR,0.179046,0.067913,0.619048
141422,EMOTION,RL,0.161185,0.067413,0.619048
143325,SOCIAL,LR,1.077990,0.103649,0.515152
143325,SOCIAL,RL,0.694818,0.106295,0.481481
143325,WM,LR,1.198460,0.101108,0.585366
143325,WM,RL,0.895239,0.098963,0.605263
143325,GAMBLING,LR,0.635316,0.100222,0.586207
143325,GAMBLING,RL,0.659534,0.092385,0.500000
143325,EMOTION,LR,0.593869,0.109602,0.500000
143325,EMOTION,RL,0.601874,0.098185,0.666667
143426,SOCIAL,LR,1.020540,0.087902,0.828571
143426,SOCIAL,RL,0.681845,0.062557,0.606061
143426,WM,LR,0.469618,0.050244,0.666667
143426,WM,RL,0.385637,0.055021,0.625000
143426,GAMBLING,LR,0.287606,0.048493,0.730769
143426,GAMBLING,RL,0.370591,0.049858,0.600000
143426,EMOTION,LR,0.446082,0.068052,0.769231
143426,EMOTION,RL,0.332934,0.065363,0.666667
144731,SOCIAL,LR,0.233703,0.143732,0.606061
144731,SOCIAL,RL,0.292888,0.141087,0.575758
144731,WM,LR,0.247544,0.122345,0.565217
144731,WM,RL,0.277367,0.129595,0.627907
144731,GAMBLING,LR,0.340395,0.120601,0.588235
144731,GAMBLING,RL,0.176135,0.119409,0.516129
144731,EMOTION,LR,0.670701,0.120182,0.666667
144731,EMOTION,RL,0.388251,0.126671,0.520000
144832,SOCIAL,LR,0.326757,0.073710,0.451613
144832,SOCIAL,RL,0.321504,0.074482,0.687500
144832,WM,LR,0.930483,0.105787,0.697674
144832,WM,RL,0.914142,0.097140,0.731707
144832,GAMBLING,LR,0.166275,0.096904,0.785714
144832,GAMBLING,RL,0.473534,0.073576,0.655172
144832,EMOTION,LR,0.848390,0.062993,0.526316
144832,EMOTION,RL,1.209180,0.085267,0.681818
144933,SOCIAL,LR,0.238747,0.109396,0.414634
144933,SOCIAL,RL,0.245285,0.098701,0.514286
144933,WM,LR,0.462044,0.077010,0.473684
144933,WM,RL,0.345147,0.087842,0.617647
144933,GAMBLING,LR,0.718045,0.082453,0.558824
144933,GAMBLING,RL,0.282570,0.097442,0.548387
144933,EMOTION,LR,0.226890,0.085401,0.500000
144933,EMOTION,RL,0.250077,0.088449,0.583333
149236,SOCIAL,LR,0.119362,0.089459,0.468750
149236,SOCIAL,RL,0.115118,0.090579,0.533333
149236,WM,LR,0.295603,0.063769,0.529412
149236,WM,RL,0.347861,0.061667,0.516129
149236,GAMBLING,LR,0.353292,0.067900,0.555556
149236,GAMBLING,RL,0.192954,0.077777,0.520000
149236,EMOTION,LR,0.239412,0.090642,0.560000
149236,EMOTION,RL,0.457361,0.087633,0.583333
149741,SOCIAL,LR,0.469308,0.134901,0.655172
149741,SOCIAL,RL,0.399473,0.124801,0.545455
149741,WM,LR,0.741638,0.119629,0.619048
149741,WM,RL,1.103340,0.116877,0.604651
149741,GAMBLING,LR,2.517820,0.127827,0.558824
149741,GAMBLING,RL,1.852200,0.123693,0.676471
149741,EMOTION,LR,0.305228,0.101745,0.400000
149741,EMOTION,RL,0.278452,0.158730,0.862069
149842,SOCIAL,LR,0.214254,0.057287,0.529412
149842,SOCIAL,RL,0.172095,0.079458,0.515152
149842,WM,LR,0.463865,0.062574,0.463415
149842,WM,RL,0.453863,0.064175,0.473684
149842,GAMBLING,LR,0.676083,0.086456,0.678571
149842,GAMBLING,RL,0.396439,0.056251,0.571429
149842,EMOTION,LR,0.095464,0.052860,0.550000
149842,EMOTION,RL,0.148053,0.072452,0.500000
150524,SOCIAL,LR,0.212485,0.084151,0.457143
150524,SOCIAL,RL,0.196702,0.066560,0.517241
150524,WM,LR,0.163724,0.092162,0.529412
150524,WM,RL,0.378799,0.078898,0.470588
150524,GAMBLING,LR,0.260933,0.076348,0.653846
150524,GAMBLING,RL,0.269875,0.074773,0.760000
150524,EMOTION,LR,0.138552,0.091156,0.608696
150524,EMOTION,RL,0.273374,0.067280,0.730769
156031,SOCIAL,LR,0.327732,0.104524,0.441176
156031,SOCIAL,RL,0.423434,0.095966,0.566667
156031,WM,LR,0.246613,0.086518,0.470588
156031,WM,RL,0.277226,0.110453,0.548387
156031,GAMBLING,LR,0.192983,0.103574,0.538462
156031,GAMBLING,RL,0.276283,0.091766,0.565217
156031,EMOTION,LR,0.239317,0.097443,0.400000
156031,EMOTION,RL,0.265250,0.098073,0.434783
156536,SOCIAL,LR,0.320291,0.054466,0.473684
156536,SOCIAL,RL,0.239440,0.054604,0.352941
156536,WM,LR,0.186773,0.047769,0.333333
156536,WM,RL,0.395246,0.034771,0.366667
156536,GAMBLING,LR,0.481813,0.053845,0.275862
156536,GAMBLING,RL,0.119511,0.046781,0.583333
156536,EMOTION,LR,0.154194,0.044211,0.375000
156536,EMOTION,RL,0.283092,0.055270,0.346154
157942,SOCIAL,LR,0.110119,0.080418,0.500000
157942,SOCIAL,RL,0.124416,0.066386,0.586207
157942,WM,LR,0.127665,0.048218,0.638889
157942,WM,RL,0.514421,0.064442,0.725000
157942,GAMBLING,LR,0.087117,0.071139,0.777778
157942,GAMBLING,RL,0.306247,0.057979,0.645161
157942,EMOTION,LR,0.120106,0.057588,0.625000
157942,EMOTION,RL,0.113062,0.072576,0.608696
158540,SOCIAL,LR,0.239262,0.069992,0.709677
158540,SOCIAL,RL,0.256687,0.080852,0.606061
158540,WM,LR,0.383272,0.154348,0.700000
158540,WM,RL,0.456240,0.104893,0.600000
158540,GAMBLING,LR,0.195280,0.161715,0.757576
158540,GAMBLING,RL,0.168571,0.112128,0.666667
158540,EMOTION,LR,0.265913,0.091480,0.608696
158540,EMOTION,RL,0.213196,0.075263,0.363636
159946,SOCIAL,LR,0.390492,0.072178,0.606061
159946,SOCIAL,RL,0.424433,0.091409,0.638889
159946,WM,LR,0.334180,0.073705,0.361111
159946,WM,RL,0.797417,0.079679,0.461538
159946,GAMBLING,LR,1.003450,0.103085,0.625000
159946,GAMBLING,RL,0.355005,0.071594,0.393939
159946,EMOTION,LR,0.180395,0.065387,0.739130
159946,EMOTION,RL,0.574084,0.079931,0.629630
160830,SOCIAL,LR,0.435717,0.115347,0.717949
160830,SOCIAL,RL,1.347940,0.105433,0.756757
160830,WM,LR,0.578533,0.082610,0.659091
160830,WM,RL,1.587490,0.108643,0.727273
160830,GAMBLING,LR,0.996587,0.075394,0.857143
160830,GAMBLING,RL,1.494910,0.070673,0.900000
160830,EMOTION,LR,0.431416,0.075264,0.730769
160830,EMOTION,RL,0.502613,0.077860,0.740741
160931,SOCIAL,LR,0.191032,0.058845,0.518519
160931,SOCIAL,RL,0.335251,0.059595,0.555556
160931,WM,LR,0.268341,0.053363,0.575758
160931,WM,RL,0.878829,0.057515,0.666667
160931,GAMBLING,LR,0.231585,0.058360,0.720000
160931,GAMBLING,RL,0.193700,0.065595,0.680000
160931,EMOTION,LR,0.215603,0.088072,0.681818
160931,EMOTION,RL,0.592437,0.076230,0.782609
162228,SOCIAL,LR,0.287405,0.060668,0.437500
162228,SOCIAL,RL,0.286482,0.064990,0.366667
162228,WM,LR,0.165736,0.059606,0.485714
162228,WM,RL,0.245623,0.065612,0.567568
162228,GAMBLING,LR,0.100168,0.062663,0.360000
162228,GAMBLING,RL,0.115376,0.059124,0.518519
162228,EMOTION,LR,0.221940,0.057920,0.571429
162228,EMOTION,RL,0.272302,0.082150,0.464286
163331,SOCIAL,LR,0.269015,0.198879,0.392857
163331,SOCIAL,RL,0.508344,0.166509,0.500000
163331,WM,LR,0.273727,0.187379,0.607143
163331,WM,RL,0.215874,0.172607,0.576923
163331,GAMBLING,LR,0.241543,0.189232,0.608696
163331,GAMBLING,RL,0.311204,0.187354,0.571429
163331,EMOTION,LR,0.181050,0.183170,0.636364
163331,EMOTION,RL,0.191568,0.208582,0.631579
164030,SOCIAL,LR,0.321407,0.044878,0.464286
164030,SOCIAL,RL,0.167637,0.041475,0.518519
164030,WM,LR,0.113535,0.049842,0.517241
164030,WM,RL,0.246815,0.042322,0.500000
164030,GAMBLING,LR,0.081138,0.055736,0.500000
164030,GAMBLING,RL,0.170523,0.049581,0.600000
164030,EMOTION,LR,0.243531,0.044263,0.650000
164030,EMOTION,RL,0.062148,0.048923,0.454545
167440,SOCIAL,LR,0.371957,0.062228,0.466667
167440,SOCIAL,RL,0.301474,0.080710,0.468750
167440,WM,LR,0.397419,0.092871,0.555556
167440,WM,RL,0.129534,0.087905,0.555556
167440,GAMBLING,LR,0.372592,0.069012,0.666667
167440,GAMBLING,RL,0.232105,0.069515,0.607143
167440,EMOTION,LR,0.445263,0.077403,0.520000
167440,EMOTION,RL,0.202209,0.082743,0.500000
170934,SOCIAL,LR,0.473953,0.071759,0.461538
170934,SOCIAL,RL,0.600010,0.061450,0.481481
170934,WM,LR,0.191274,0.092661,0.382353
170934,WM,RL,0.225689,0.082409,0.419355
170934,GAMBLING,LR,0.211451,0.102030,0.518519
170934,GAMBLING,RL,0.145531,0.090497,0.480000
170934,EMOTION,LR,0.208969,0.094335,0.500000
170934,EMOTION,RL,0.130575,0.086885,0.421053
172433,SOCIAL,LR,0.097038,0.054970,0.468750
172433,SOCIAL,RL,0.225657,0.050901,0.566667
172433,WM,LR,0.438817,0.061459,0.235294
172433,WM,RL,0.314463,0.051282,0.342857
172433,GAMBLING,LR,0.201393,0.065454,0.333333
172433,GAMBLING,RL,0.136451,0.049385,0.307692
172433,EMOTION,LR,0.092694,0.059113,0.538462
172433,EMOTION,RL,0.113233,0.054033,0.458333
172534,SOCIAL,LR,0.598717,0.059168,0.545455
172534,SOCIAL,RL,0.170034,0.055161,0.548387
172534,WM,LR,0.405068,0.051592,0.514286
172534,WM,RL,0.524907,0.048792,0.657143
172534,GAMBLING,LR,0.750549,0.066569,0.700000
172534,GAMBLING,RL,0.515701,0.050098,0.730769
172534,EMOTION,LR,0.085958,0.068370,0.416667
172534,EMOTION,RL,0.189157,0.053028,0.608696
173334,SOCIAL,LR,0.418926,0.053460,0.513514
173334,SOCIAL,RL,0.344623,0.055476,0.621622
173334,WM,LR,0.118368,0.059059,0.489362
173334,WM,RL,0.250281,0.060803,0.550000
173334,GAMBLING,LR,0.330243,0.065627,0.514286
173334,GAMBLING,RL,0.657476,0.061911,0.486486
173334,EMOTION,LR,0.176598,0.064295,0.562500
173334,EMOTION,RL,0.275741,0.053869,0.481481
173839,SOCIAL,LR,1.230790,0.096644,0.527778
173839,SOCIAL,RL,0.976144,0.120980,0.585366
173839,WM,LR,0.244466,0.088747,0.515152
173839,WM,RL,0.762060,0.070558,0.636364
173839,GAMBLING,LR,0.467397,0.074621,0.571429
173839,GAMBLING,RL,0.448644,0.078744,0.592593
173839,EMOTION,LR,1.229370,0.120804,0.607143
173839,EMOTION,RL,0.442361,0.119584,0.607143
176037,SOCIAL,LR,0.566962,0.109463,0.520000
176037,SOCIAL,RL,0.211012,0.098269,0.576923
176037,WM,LR,1.319670,0.077240,0.689655
176037,WM,RL,1.347520,0.078414,0.724138
176037,GAMBLING,LR,0.768907,0.079371,0.760000
176037,GAMBLING,RL,0.336074,0.073292,0.782609
176037,EMOTION,LR,0.164369,0.114696,0.652174
176037,EMOTION,RL,0.141202,0.120010,0.666667
178849,SOCIAL,LR,0.422085,0.058424,0.411765
178849,SOCIAL,RL,0.185076,0.042675,0.423077
178849,WM,LR,0.186414,0.079525,0.468750
178849,WM,RL,0.417893,0.065483,0.433333
178849,GAMBLING,LR,0.261079,0.081348,0.480000
178849,GAMBLING,RL,0.201323,0.068326,0.636364
178849,EMOTION,LR,0.215642,0.076817,0.476190
178849,EMOTION,RL,0.854201,0.043511,0.578947
188751,SOCIAL,LR,0.370228,0.121842,0.424242
188751,SOCIAL,RL,0.572056,0.117439,0.483871
188751,WM,LR,0.491060,0.133094,0.439024
188751,WM,RL,0.985383,0.128172,0.447368
188751,GAMBLING,LR,0.514649,0.137924,0.600000
188751,GAMBLING,RL,0.384051,0.132965,0.625000
188751,EMOTION,LR,0.344246,0.130660,0.518519
188751,EMOTION,RL,0.507268,0.112976,0.538462
191336,SOCIAL,LR,0.124928,0.062535,0.500000
191336,SOCIAL,RL,0.239870,0.070903,0.642857
191336,WM,LR,0.448868,0.063095,0.580645
191336,WM,RL,0.766158,0.073592,0.687500
191336,GAMBLING,LR,0.199852,0.057810,0.629630
191336,GAMBLING,RL,0.248407,0.060737,0.592593
191336,EMOTION,LR,0.124250,0.065893,0.714286
191336,EMOTION,RL,0.133097,0.076747,0.684211
192035,SOCIAL,LR,1.264270,0.084418,0.600000
192035,SOCIAL,RL,0.296606,0.063138,0.521739
192035,WM,LR,0.393670,0.066878,0.705882
192035,WM,RL,0.673927,0.060257,0.428571
192035,GAMBLING,LR,0.325387,0.080093,0.761905
192035,GAMBLING,RL,0.298277,0.069522,0.590909
192035,EMOTION,LR,0.199982,0.090240,0.800000
192035,EMOTION,RL,0.345333,0.071058,0.650000
195041,SOCIAL,LR,0.109849,0.120848,0.520000
195041,SOCIAL,RL,0.135656,0.084698,0.440000
195041,WM,LR,0.122167,0.084244,0.321429
195041,WM,RL,0.115222,0.085791,0.407407
195041,GAMBLING,LR,0.081963,0.088325,0.500000
195041,GAMBLING,RL,0.100505,0.084247,0.523810
195041,EMOTION,LR,0.144789,0.111051,0.473684
195041,EMOTION,RL,0.115307,0.103253,0.428571
195849,SOCIAL,LR,0.216054,0.080204,0.483871
195849,SOCIAL,RL,0.158934,0.087180,0.516129
195849,WM,LR,0.309346,0.080693,0.486486
195849,WM,RL,0.254039,0.081144,0.500000
195849,GAMBLING,LR,0.082620,0.073540,0.551724
195849,GAMBLING,RL,0.158318,0.073585,0.576923
195849,EMOTION,LR,0.172470,0.106839,0.608696
195849,EMOTION,RL,0.325814,0.089179,0.590909
200311,SOCIAL,LR,0.161052,0.060853,0.562500
200311,SOCIAL,RL,0.218188,0.060462,0.586207
200311,WM,LR,0.698097,0.080887,0.411765
200311,WM,RL,0.978891,0.090817,0.437500
200311,GAMBLING,LR,0.756949,0.076064,0.520000
200311,GAMBLING,RL,0.461839,0.069226,0.440000
200311,EMOTION,LR,0.330700,0.075941,0.590909
200311,EMOTION,RL,0.202016,0.084447,0.700000
200513,SOCIAL,LR,0.210799,0.058161,0.468750
200513,SOCIAL,RL,0.325971,0.039116,0.586207
200513,WM,LR,0.650538,0.054911,0.657895
200513,WM,RL,0.537037,0.057914,0.439024
200513,GAMBLING,LR,0.412211,0.061548,0.689655
200513,GAMBLING,RL,0.318076,0.058005,0.612903
200513,EMOTION,LR,0.258769,0.050450,0.640000
200513,EMOTION,RL,0.341232,0.042167,0.500000
200614,SOCIAL,LR,0.169843,0.118014,0.500000
200614,SOCIAL,RL,0.156017,0.108634,0.521739
200614,WM,LR,0.215086,0.120241,0.520000
200614,WM,RL,0.216982,0.118470,0.458333
200614,GAMBLING,LR,0.206032,0.107203,0.611111
200614,GAMBLING,RL,0.122021,0.113719,0.650000
200614,EMOTION,LR,0.355775,0.101857,0.500000
200614,EMOTION,RL,0.193680,0.118701,0.500000
201111,SOCIAL,LR,0.120925,0.050231,0.625000
201111,SOCIAL,RL,0.112865,0.054687,0.548387
201111,WM,LR,0.319898,0.041562,0.542857
201111,WM,RL,0.472500,0.055799,0.658537
201111,GAMBLING,LR,0.298726,0.053175,0.750000
201111,GAMBLING,RL,0.234430,0.060083,0.628571
201111,EMOTION,LR,0.139382,0.047893,0.714286
201111,EMOTION,RL,0.074475,0.052444,0.636364
201818,SOCIAL,LR,0.147760,0.060987,0.586207
201818,SOCIAL,RL,0.304860,0.056728,0.555556
201818,WM,LR,0.202382,0.059772,0.517241
201818,WM,RL,0.188426,0.049328,0.413793
201818,GAMBLING,LR,0.094804,0.050031,0.636364
201818,GAMBLING,RL,0.153580,0.047577,0.619048
201818,EMOTION,LR,0.050056,0.050704,0.590909
201818,EMOTION,RL,0.133084,0.036754,0.700000
202820,SOCIAL,LR,0.986280,0.130431,0.575758
202820,SOCIAL,RL,0.478241,0.127760,0.468750
202820,WM,LR,0.659218,0.080022,0.500000
202820,WM,RL,0.289921,0.089643,0.344828
202820,GAMBLING,LR,0.321688,0.085673,0.590909
202820,GAMBLING,RL,0.556347,0.085443,0.363636
202820,EMOTION,LR,0.797167,0.133928,0.625000
202820,EMOTION,RL,0.545523,0.104663,0.181818
204016,SOCIAL,LR,0.311862,0.109093,0.459459
204016,SOCIAL,RL,0.337340,0.106612,0.416667
204016,WM,LR,0.358890,0.085861,0.431818
204016,WM,RL,0.952083,0.104753,0.454545
204016,GAMBLING,LR,0.611385,0.119317,0.424242
204016,GAMBLING,RL,0.702853,0.077172,0.516129
204016,EMOTION,LR,0.410386,0.091740,0.533333
204016,EMOTION,RL,0.601820,0.116424,0.500000
204218,SOCIAL,LR,0.426486,0.082875,0.444444
204218,SOCIAL,RL,0.789331,0.081978,0.346154
204218,WM,LR,0.441635,0.078009,0.475000
204218,WM,RL,0.229758,0.092027,0.365854
204218,GAMBLING,LR,0.401975,0.073274,0.400000
204218,GAMBLING,RL,0.246321,0.077735,0.323529
204218,EMOTION,LR,0.167470,0.089924,0.476190
204218,EMOTION,RL,0.500515,0.080283,0.350000
204622,SOCIAL,LR,1.707230,0.116185,0.488889
204622,SOCIAL,RL,0.334952,0.083514,0.529412
204622,WM,LR,0.229575,0.087009,0.578947
204622,WM,RL,0.210596,0.092564,0.500000
204622,GAMBLING,LR,1.001110,0.088746,0.540541
204622,GAMBLING,RL,0.171233,0.090529,0.631579
204622,EMOTION,LR,0.717125,0.112389,0.551724
204622,EMOTION,RL,0.332386,0.081331,0.560000
205220,SOCIAL,LR,0.207635,0.168965,0.518519
205220,SOCIAL,RL,0.210679,0.143303,0.600000
205220,WM,LR,0.206596,0.119636,0.406250
205220,WM,RL,0.369236,0.113896,0.437500
205220,GAMBLING,LR,0.129601,0.101633,0.434783
205220,GAMBLING,RL,0.097604,0.084642,0.434783
205220,EMOTION,LR,0.160176,0.161264,0.578947
205220,EMOTION,RL,0.148292,0.145412,0.529412
206323,SOCIAL,LR,0.784757,0.133504,0.612903
206323,SOCIAL,RL,0.358195,0.134403,0.640000
206323,WM,LR,0.763144,0.131985,0.605263
206323,WM,RL,1.521820,0.119150,0.763158
206323,GAMBLING,LR,0.563894,0.121827,0.689655
206323,GAMBLING,RL,0.890168,0.148957,0.710526
206323,EMOTION,LR,0.193567,0.170615,0.708333
206323,EMOTION,RL,0.519172,0.126343,0.590909
206929,SOCIAL,LR,0.687806,0.114202,0.521739
206929,SOCIAL,RL,0.395193,0.093412,0.473684
206929,WM,LR,0.742936,0.076992,0.550000
206929,WM,RL,0.595811,0.082997,0.425000
206929,GAMBLING,LR,0.169456,0.080044,0.500000
206929,GAMBLING,RL,0.135377,0.075699,0.535714
206929,EMOTION,LR,0.138892,0.081292,0.379310
206929,EMOTION,RL,0.503457,0.097278,0.500000
210617,SOCIAL,LR,0.142363,0.053221,0.314286
210617,SOCIAL,RL,0.196361,0.059516,0.342857
210617,WM,LR,0.226926,0.074748,0.590909
210617,WM,RL,0.505596,0.070746,0.609756
210617,GAMBLING,LR,0.150397,0.083371,0.548387
210617,GAMBLING,RL,0.133863,0.084436,0.516129
210617,EMOTION,LR,0.294321,0.053806,0.555556
210617,EMOTION,RL,0.300899,0.053943,0.482759
211316,SOCIAL,LR,0.490188,0.089447,0.625000
211316,SOCIAL,RL,0.328272,0.096954,0.640000
211316,WM,LR,0.387564,0.071408,0.720000
211316,WM,RL,0.135091,0.079061,0.576923
211316,GAMBLING,LR,0.145315,0.080968,0.619048
211316,GAMBLING,RL,0.119816,0.080711,0.772727
211316,EMOTION,LR,0.242477,0.112698,0.750000
211316,EMOTION,RL,0.319770,0.120418,0.823529
213421,SOCIAL,LR,0.246494,0.088948,0.558824
213421,SOCIAL,RL,0.420737,0.093359,0.580645
213421,WM,LR,0.286994,0.104310,0.527778
213421,WM,RL,0.443039,0.115641,0.638889
213421,GAMBLING,LR,0.278948,0.116913,0.612903
213421,GAMBLING,RL,0.223982,0.107447,0.714286
213421,EMOTION,LR,0.250339,0.100479,0.520000
213421,EMOTION,RL,0.181895,0.109221,0.600000
214726,SOCIAL,LR,0.372690,0.090595,0.621622
214726,SOCIAL,RL,0.333760,0.078076,0.600000
214726,WM,LR,0.233858,0.066113,0.647059
214726,WM,RL,0.256276,0.077319,0.529412
214726,GAMBLING,LR,0.166116,0.070203,0.714286
214726,GAMBLING,RL,0.476135,0.077686,0.758621
214726,EMOTION,LR,0.187499,0.098721,0.692308
214726,EMOTION,RL,0.303304,0.058187,0.640000
217126,SOCIAL,LR,0.137119,0.064906,0.500000
217126,SOCIAL,RL,0.235364,0.105417,0.517241
217126,WM,LR,0.233167,0.053563,0.500000
217126,WM,RL,0.237391,0.064449,0.545455
217126,GAMBLING,LR,0.404355,0.052157,0.518519
217126,GAMBLING,RL,0.123855,0.069041,0.576923
217126,EMOTION,LR,0.858896,0.076579,0.583333
217126,EMOTION,RL,0.186270,0.113746,0.608696
219231,SOCIAL,LR,0.226796,0.058647,0.512821
219231,SOCIAL,RL,0.093192,0.047298,0.514286
219231,WM,LR,0.705332,0.082980,0.558140
219231,WM,RL,0.422869,0.100573,0.638298
219231,GAMBLING,LR,0.726984,0.077263,0.538462
219231,GAMBLING,RL,0.383083,0.076793,0.629630
219231,EMOTION,LR,0.110725,0.053927,0.464286
219231,EMOTION,RL,0.102712,0.050498,0.481481
238033,SOCIAL,LR,0.407304,0.063875,0.607143
238033,SOCIAL,RL,0.726786,0.057670,0.566667
238033,WM,LR,0.591045,0.057465,0.631579
238033,WM,RL,1.380110,0.064039,0.617647
238033,GAMBLING,LR,0.590503,0.051753,0.653846
238033,GAMBLING,RL,0.977624,0.049554,0.586207
238033,EMOTION,LR,0.504758,0.055886,0.608696
238033,EMOTION,RL,0.312853,0.044901,0.750000
257542,SOCIAL,LR,0.132547,0.086288,0.621622
257542,SOCIAL,RL,0.222594,0.095344,0.533333
257542,WM,LR,0.232265,0.081151,0.641026
257542,WM,RL,0.144199,0.062861,0.628571
257542,GAMBLING,LR,0.168656,0.078450,0.703704
257542,GAMBLING,RL,0.299611,0.071162,0.571429
257542,EMOTION,LR,0.168321,0.099024,0.541667
257542,EMOTION,RL,0.250490,0.083743,0.640000
257946,SOCIAL,LR,0.224538,0.106316,0.517241
257946,SOCIAL,RL,0.676448,0.098984,0.586207
257946,WM,LR,0.873101,0.092729,0.466667
257946,WM,RL,0.538856,0.092985,0.575758
257946,GAMBLING,LR,0.586102,0.088908,0.500000
257946,GAMBLING,RL,0.203676,0.100797,0.538462
257946,EMOTION,LR,0.314269,0.116908,0.523810
257946,EMOTION,RL,0.215963,0.108202,0.523810
285446,SOCIAL,LR,0.390255,0.043619,0.346154
285446,SOCIAL,RL,0.300830,0.053915,0.607143
285446,WM,LR,0.405317,0.049672,0.600000
285446,WM,RL,0.298178,0.053401,0.548387
285446,GAMBLING,LR,0.156268,0.053688,0.583333
285446,GAMBLING,RL,0.186518,0.047585,0.590909
285446,EMOTION,LR,0.246489,0.053265,0.523810
285446,EMOTION,RL,0.414481,0.048582,0.500000
290136,SOCIAL,LR,0.160907,0.085126,0.535714
290136,SOCIAL,RL,0.315414,0.110524,0.551724
290136,WM,LR,0.249667,0.070823,0.580645
290136,WM,RL,0.425576,0.066798,0.500000
290136,GAMBLING,LR,0.163409,0.060946,0.629630
290136,GAMBLING,RL,0.243998,0.059615,0.520000
290136,EMOTION,LR,0.221815,0.104463,0.545455
290136,EMOTION,RL,0.271173,0.083905,0.666667
295146,SOCIAL,LR,0.206159,0.198211,0.600000
295146,SOCIAL,RL,0.199193,0.202231,0.694444
295146,WM,LR,0.459037,0.182705,0.711111
295146,WM,RL,1.231140,0.174181,0.705882
295146,GAMBLING,LR,0.244027,0.148522,0.692308
295146,GAMBLING,RL,0.768730,0.127602,0.724138
295146,EMOTION,LR,0.214654,0.163629,0.541667
295146,EMOTION,RL,0.923461,0.200005,0.750000
304020,SOCIAL,LR,0.443721,0.098965,0.600000
304020,SOCIAL,RL,0.273621,0.103572,0.666667
304020,WM,LR,0.273640,0.110681,0.736842
304020,WM,RL,0.398176,0.129798,0.659091
304020,GAMBLING,LR,0.123377,0.087476,0.666667
304020,GAMBLING,RL,0.202841,0.100993,0.730769
304020,EMOTION,LR,0.281994,0.108843,0.652174
304020,EMOTION,RL,0.216960,0.111949,0.769231
346945,SOCIAL,LR,0.203727,0.103224,0.515152
346945,SOCIAL,RL,0.319088,0.108073,0.451613
346945,WM,LR,0.213925,0.116993,0.500000
346945,WM,RL,0.294314,0.088199,0.515152
346945,GAMBLING,LR,0.204635,0.096737,0.555556
346945,GAMBLING,RL,0.146587,0.081544,0.535714
346945,EMOTION,LR,0.287646,0.133229,0.375000
346945,EMOTION,RL,0.308725,0.113373,0.416667
356948,SOCIAL,LR,0.256309,0.063013,0.500000
356948,SOCIAL,RL,0.367634,0.051705,0.518519
356948,WM,LR,0.262088,0.060033,0.562500
356948,WM,RL,0.215946,0.055830,0.517241
356948,GAMBLING,LR,0.186946,0.063449,0.666667
356948,GAMBLING,RL,0.174553,0.058836,0.555556
356948,EMOTION,LR,0.888436,0.076630,0.636364
356948,EMOTION,RL,0.667812,0.060916,0.666667
361941,SOCIAL,LR,0.202041,0.058487,0.555556
361941,SOCIAL,RL,0.764257,0.059437,0.500000
361941,WM,LR,1.485460,0.065216,0.567568
361941,WM,RL,0.625093,0.055177,0.500000
361941,GAMBLING,LR,0.541647,0.082559,0.758621
361941,GAMBLING,RL,0.284692,0.067305,0.566667
361941,EMOTION,LR,0.203556,0.074130,0.518519
361941,EMOTION,RL,0.174004,0.082004,0.464286
366446,SOCIAL,LR,0.601834,0.113376,0.600000
366446,SOCIAL,RL,1.494580,0.144191,0.553191
366446,WM,LR,1.384240,0.196979,0.666667
366446,WM,RL,0.846205,0.173445,0.821429
366446,GAMBLING,LR,4.299960,0.146762,0.695652
366446,GAMBLING,RL,0.580531,0.066553,0.677419
366446,EMOTION,LR,0.247008,0.109852,0.481481
366446,EMOTION,RL,0.413323,0.107823,0.566667
371843,SOCIAL,LR,0.620709,0.079307,0.394737
371843,SOCIAL,RL,0.395013,0.086330,0.454545
371843,WM,LR,0.479246,0.078980,0.520000
371843,WM,RL,1.517930,0.081819,0.521739
371843,GAMBLING,LR,0.328342,0.094915,0.363636
371843,GAMBLING,RL,0.237543,0.092639,0.388889
371843,EMOTION,LR,0.159870,0.076325,0.480000
371843,EMOTION,RL,0.123498,0.075926,0.416667
377451,SOCIAL,LR,0.467437,0.073562,0.500000
377451,SOCIAL,RL,0.896890,0.071581,0.437500
377451,WM,LR,0.635234,0.078648,0.521739
377451,WM,RL,0.892362,0.076045,0.659091
377451,GAMBLING,LR,0.288295,0.059060,0.468750
377451,GAMBLING,RL,0.361986,0.068554,0.500000
377451,EMOTION,LR,0.392364,0.061999,0.545455
377451,EMOTION,RL,0.997716,0.077424,0.708333
380036,SOCIAL,LR,0.195253,0.077085,0.451613
380036,SOCIAL,RL,0.210055,0.090393,0.500000
380036,WM,LR,0.268141,0.086688,0.378378
380036,WM,RL,0.382272,0.085227,0.411765
380036,GAMBLING,LR,0.193199,0.072924,0.708333
380036,GAMBLING,RL,0.384212,0.067158,0.640000
380036,EMOTION,LR,0.131199,0.091084,0.520000
380036,EMOTION,RL,0.106383,0.077624,0.545455
386250,SOCIAL,LR,0.822337,0.078766,0.625000
386250,SOCIAL,RL,0.204240,0.060822,0.542857
386250,WM,LR,0.243572,0.059277,0.512821
386250,WM,RL,0.247705,0.063088,0.473684
386250,GAMBLING,LR,0.091820,0.065758,0.451613
386250,GAMBLING,RL,0.100829,0.059816,0.580645
386250,EMOTION,LR,0.231999,0.054895,0.551724
386250,EMOTION,RL,0.550419,0.073728,0.551724
394956,SOCIAL,LR,0.544060,0.055278,0.592593
394956,SOCIAL,RL,0.306443,0.054682,0.464286
394956,WM,LR,0.372394,0.058038,0.513514
394956,WM,RL,0.343495,0.047405,0.527778
394956,GAMBLING,LR,0.213693,0.058208,0.592593
394956,GAMBLING,RL,0.161773,0.056607,0.678571
394956,EMOTION,LR,0.124791,0.056754,0.500000
394956,EMOTION,RL,0.181022,0.061941,0.434783
397154,SOCIAL,LR,0.283359,0.064425,0.562500
397154,SOCIAL,RL,0.186616,0.074123,0.600000
397154,WM,LR,1.253780,0.073264,0.666667
397154,WM,RL,0.372433,0.063586,0.593750
397154,GAMBLING,LR,0.373800,0.070048,0.677419
397154,GAMBLING,RL,0.370818,0.077714,0.586207
397154,EMOTION,LR,0.139348,0.069458,0.560000
397154,EMOTION,RL,0.178479,0.086242,0.541667
429040,SOCIAL,LR,0.225201,0.077895,0.608696
429040,SOCIAL,RL,0.363885,0.054546,0.681818
429040,WM,LR,0.150922,0.062529,0.531250
429040,WM,RL,0.348619,0.068133,0.606061
429040,GAMBLING,LR,0.144140,0.068714,0.520000
429040,GAMBLING,RL,0.246920,0.057420,0.538462
429040,EMOTION,LR,0.126550,0.108028,0.611111
429040,EMOTION,RL,0.135539,0.077619,0.631579
441939,SOCIAL,LR,0.271729,0.105493,0.468750
441939,SOCIAL,RL,0.397124,0.090755,0.483871
441939,WM,LR,1.666450,0.085223,0.619048
441939,WM,RL,1.921690,0.123093,0.698113
441939,GAMBLING,LR,0.355165,0.074276,0.593750
441939,GAMBLING,RL,1.026640,0.074797,0.575758
441939,EMOTION,LR,1.165190,0.087055,0.615385
441939,EMOTION,RL,1.153790,0.110719,0.655172
449753,SOCIAL,LR,0.518351,0.072882,0.562500
449753,SOCIAL,RL,0.450384,0.063931,0.483871
449753,WM,LR,0.760765,0.089600,0.767442
449753,WM,RL,0.338429,0.074441,0.526316
449753,GAMBLING,LR,0.419923,0.065748,0.642857
449753,GAMBLING,RL,0.232248,0.073301,0.586207
449753,EMOTION,LR,0.188692,0.049918,0.478261
449753,EMOTION,RL,0.483677,0.087345,0.680000
475855,SOCIAL,LR,0.162099,0.079776,0.466667
475855,SOCIAL,RL,0.432774,0.082785,0.483871
475855,WM,LR,0.694880,0.080612,0.595238
475855,WM,RL,0.620993,0.085114,0.605263
475855,GAMBLING,LR,0.128355,0.076674,0.655172
475855,GAMBLING,RL,0.460379,0.086890,0.566667
475855,EMOTION,LR,0.096020,0.087577,0.500000
475855,EMOTION,RL,0.160804,0.074377,0.458333
481951,SOCIAL,LR,0.387369,0.060143,0.612903
481951,SOCIAL,RL,0.452396,0.047374,0.535714
481951,WM,LR,0.528609,0.043606,0.444444
481951,WM,RL,1.042430,0.052109,0.657143
481951,GAMBLING,LR,0.391562,0.058065,0.483871
481951,GAMBLING,RL,0.403475,0.060541,0.642857
481951,EMOTION,LR,0.670185,0.052922,0.608696
481951,EMOTION,RL,0.412081,0.049897,0.500000
510225,SOCIAL,LR,0.286977,0.073640,0.413793
510225,SOCIAL,RL,0.232287,0.087097,0.620690
510225,WM,LR,0.243227,0.070754,0.571429
510225,WM,RL,0.159631,0.084151,0.552632
510225,GAMBLING,LR,0.379374,0.060846,0.629630
510225,GAMBLING,RL,0.318357,0.071335,0.607143
510225,EMOTION,LR,0.088565,0.056010,0.318182
510225,EMOTION,RL,0.101379,0.073620,0.560000
516742,SOCIAL,LR,0.745356,0.140934,0.695652
516742,SOCIAL,RL,0.559321,0.140331,0.720930
516742,WM,LR,0.344373,0.084519,0.594595
516742,WM,RL,0.290761,0.077159,0.606061
516742,GAMBLING,LR,0.374478,0.109900,0.685714
516742,GAMBLING,RL,0.299925,0.088428,0.750000
516742,EMOTION,LR,0.177033,0.103411,0.652174
516742,EMOTION,RL,0.306493,0.081026,0.600000
520228,SOCIAL,LR,0.193875,0.051920,0.500000
520228,SOCIAL,RL,0.210695,0.072436,0.378378
520228,WM,LR,1.080840,0.156428,0.720000
520228,WM,RL,0.659068,0.075374,0.500000
520228,GAMBLING,LR,0.580408,0.080609,0.466667
520228,GAMBLING,RL,0.816245,0.077063,0.593750
520228,EMOTION,LR,0.269859,0.063584,0.551724
520228,EMOTION,RL,0.137410,0.066327,0.586207
523032,SOCIAL,LR,0.246023,0.069689,0.617647
523032,SOCIAL,RL,0.300210,0.065374,0.636364
523032,WM,LR,0.463170,0.078954,0.657895
523032,WM,RL,0.285113,0.087660,0.657895
523032,GAMBLING,LR,0.502204,0.060151,0.760000
523032,GAMBLING,RL,0.297615,0.059747,0.714286
523032,EMOTION,LR,0.195516,0.079042,0.740741
523032,EMOTION,RL,0.142993,0.078852,0.730769
524135,SOCIAL,LR,0.121666,0.053096,0.437500
524135,SOCIAL,RL,0.144755,0.065487,0.500000
524135,WM,LR,0.243830,0.062839,0.567568
524135,WM,RL,0.975142,0.055129,0.529412
524135,GAMBLING,LR,0.181546,0.059102,0.629630
524135,GAMBLING,RL,0.130615,0.068890,0.535714
524135,EMOTION,LR,0.392311,0.051484,0.590909
524135,EMOTION,RL,0.169004,0.054491,0.571429
525541,SOCIAL,LR,0.642010,0.091115,0.593750
525541,SOCIAL,RL,0.393878,0.091904,0.580645
525541,WM,LR,0.321469,0.096879,0.588235
525541,WM,RL,0.318767,0.092610,0.638889
525541,GAMBLING,LR,0.192010,0.095097,0.714286
525541,GAMBLING,RL,0.343695,0.086564,0.607143
525541,EMOTION,LR,0.369725,0.106156,0.695652
525541,EMOTION,RL,0.648698,0.089150,0.625000
541640,SOCIAL,LR,0.132195,0.040831,0.451613
541640,SOCIAL,RL,0.177825,0.034002,0.517241
541640,WM,LR,0.367325,0.047034,0.470588
541640,WM,RL,0.372549,0.051227,0.500000
541640,GAMBLING,LR,0.212970,0.050590,0.615385
541640,GAMBLING,RL,0.146138,0.063634,0.571429
541640,EMOTION,LR,0.178654,0.047272,0.541667
541640,EMOTION,RL,0.092210,0.039595,0.500000
552241,SOCIAL,LR,0.413461,0.093007,0.687500
552241,SOCIAL,RL,0.202799,0.129798,0.676471
552241,WM,LR,1.305040,0.094609,0.653061
552241,WM,RL,2.508150,0.114317,0.750000
552241,GAMBLING,LR,0.158509,0.070541,0.714286
552241,GAMBLING,RL,4.444360,0.124090,0.689655
552241,EMOTION,LR,0.834875,0.088790,0.677419
552241,EMOTION,RL,0.356694,0.130628,0.733333
597869,SOCIAL,LR,0.251552,0.099724,0.363636
597869,SOCIAL,RL,0.113025,0.113520,0.281250
597869,WM,LR,0.265146,0.085358,0.303030
597869,WM,RL,0.192024,0.090052,0.363636
597869,GAMBLING,LR,0.157145,0.077320,0.428571
597869,GAMBLING,RL,0.174062,0.084428,0.360000
597869,EMOTION,LR,0.134903,0.088177,0.304348
597869,EMOTION,RL,0.107201,0.094240,0.391304
598568,SOCIAL,LR,0.372885,0.046152,0.647059
598568,SOCIAL,RL,0.336453,0.053483,0.628571
598568,WM,LR,0.411865,0.058680,0.658537
598568,WM,RL,0.354246,0.059189,0.657895
598568,GAMBLING,LR,0.249092,0.059594,0.500000
598568,GAMBLING,RL,0.316783,0.059570,0.633333
598568,EMOTION,LR,0.118460,0.048873,0.592593
598568,EMOTION,RL,0.138136,0.046843,0.576923
617748,SOCIAL,LR,0.460706,0.125180,0.500000
617748,SOCIAL,RL,0.677093,0.125900,0.548387
617748,WM,LR,0.726538,0.133121,0.605263
617748,WM,RL,0.701766,0.113802,0.552632
617748,GAMBLING,LR,0.377162,0.147638,0.571429
617748,GAMBLING,RL,0.281781,0.116014,0.535714
617748,EMOTION,LR,0.492315,0.124460,0.565217
617748,EMOTION,RL,0.348749,0.121683,0.428571
627852,SOCIAL,LR,0.254104,0.069266,0.696970
627852,SOCIAL,RL,0.431143,0.085708,0.783784
627852,WM,LR,0.871679,0.063115,0.648649
627852,WM,RL,1.793060,0.061033,0.684211
627852,GAMBLING,LR,0.311979,0.058864,0.640000
627852,GAMBLING,RL,0.552174,0.052480,0.629630
627852,EMOTION,LR,0.560959,0.067665,0.769231
627852,EMOTION,RL,0.574854,0.064990,0.760000
633847,SOCIAL,LR,0.907162,0.101308,0.500000
633847,SOCIAL,RL,0.649347,0.114579,0.533333
633847,WM,LR,0.882484,0.131519,0.371429
633847,WM,RL,0.805736,0.133432,0.444444
633847,GAMBLING,LR,0.474243,0.141758,0.461538
633847,GAMBLING,RL,0.475733,0.142786,0.481481
633847,EMOTION,LR,0.832660,0.099582,0.458333
633847,EMOTION,RL,0.631578,0.115852,0.652174
647858,SOCIAL,LR,0.563620,0.077467,0.516129
647858,SOCIAL,RL,0.205758,0.072457,0.545455
647858,WM,LR,0.257323,0.095698,0.522727
647858,WM,RL,0.479058,0.081117,0.609756
647858,GAMBLING,LR,0.276061,0.081199,0.580645
647858,GAMBLING,RL,0.366553,0.088150,0.625000
647858,EMOTION,LR,0.272106,0.073604,0.423077
647858,EMOTION,RL,0.505338,0.071785,0.608696
664757,SOCIAL,LR,0.924760,0.070563,0.571429
664757,SOCIAL,RL,0.433010,0.087987,0.514286
664757,WM,LR,0.426481,0.074994,0.500000
664757,WM,RL,1.323710,0.081474,0.710526
664757,GAMBLING,LR,0.160539,0.081738,0.571429
664757,GAMBLING,RL,0.168139,0.081291,0.620690
664757,EMOTION,LR,0.278589,0.049834,0.480000
664757,EMOTION,RL,0.361509,0.060457,0.500000
680957,SOCIAL,LR,0.248084,0.056345,0.640000
680957,SOCIAL,RL,0.628546,0.075626,0.625000
680957,WM,LR,0.244233,0.128200,0.475000
680957,WM,RL,0.848352,0.142122,0.533333
680957,GAMBLING,LR,0.418658,0.128965,0.382353
680957,GAMBLING,RL,0.293022,0.127771,0.500000
680957,EMOTION,LR,0.164902,0.061731,0.809524
680957,EMOTION,RL,0.148123,0.059175,0.550000
692964,SOCIAL,LR,0.592747,0.074356,0.514286
692964,SOCIAL,RL,0.796689,0.075407,0.444444
692964,WM,LR,1.443240,0.103495,0.826087
692964,WM,RL,0.354624,0.076918,0.500000
692964,GAMBLING,LR,1.059370,0.094798,0.742857
692964,GAMBLING,RL,1.166420,0.080919,0.727273
692964,EMOTION,LR,0.339661,0.066955,0.629630
692964,EMOTION,RL,0.205455,0.081213,0.655172
694362,SOCIAL,LR,0.583892,0.102149,0.727273
694362,SOCIAL,RL,0.140217,0.088065,0.592593
694362,WM,LR,0.211033,0.074680,0.540541
694362,WM,RL,0.259958,0.050864,0.527778
694362,GAMBLING,LR,0.377372,0.066732,0.592593
694362,GAMBLING,RL,0.482995,0.061142,0.678571
694362,EMOTION,LR,0.199167,0.087258,0.750000
694362,EMOTION,RL,0.177849,0.077633,0.650000
720337,SOCIAL,LR,0.532185,0.068939,0.586207
720337,SOCIAL,RL,0.347500,0.037304,0.518519
720337,WM,LR,0.570066,0.046328,0.393939
720337,WM,RL,0.276029,0.060393,0.702703
720337,GAMBLING,LR,0.568650,0.059774,0.592593
720337,GAMBLING,RL,0.228455,0.044785,0.517241
720337,EMOTION,LR,0.339315,0.054485,0.636364
720337,EMOTION,RL,0.536908,0.039474,0.380952
728454,SOCIAL,LR,0.307534,0.076386,0.486486
728454,SOCIAL,RL,0.445493,0.086241,0.611111
728454,WM,LR,0.280722,0.082529,0.450000
728454,WM,RL,0.291555,0.076820,0.487805
728454,GAMBLING,LR,0.121874,0.068224,0.645161
728454,GAMBLING,RL,0.199420,0.087376,0.606061
728454,EMOTION,LR,0.213049,0.072122,0.724138
728454,EMOTION,RL,0.155831,0.075749,0.535714
729557,SOCIAL,LR,0.107193,0.057280,0.500000
729557,SOCIAL,RL,0.093888,0.049225,0.428571
729557,WM,LR,0.329806,0.056210,0.593750
729557,WM,RL,0.375914,0.072354,0.580645
729557,GAMBLING,LR,0.134465,0.058364,0.500000
729557,GAMBLING,RL,0.136119,0.082960,0.653846
729557,EMOTION,LR,0.097808,0.066801,0.521739
729557,EMOTION,RL,0.120438,0.051670,0.600000
734045,SOCIAL,LR,0.293523,0.071905,0.444444
734045,SOCIAL,RL,0.471981,0.076949,0.529412
734045,WM,LR,0.484839,0.094541,0.555556
734045,WM,RL,0.474248,0.090853,0.577778
734045,GAMBLING,LR,0.581233,0.076945,0.636364
734045,GAMBLING,RL,0.209301,0.079963,0.657143
734045,EMOTION,LR,0.248212,0.069487,0.653846
734045,EMOTION,RL,0.239229,0.081409,0.518519
744553,SOCIAL,LR,0.672033,0.082292,0.611111
744553,SOCIAL,RL,0.130721,0.073179,0.500000
744553,WM,LR,0.568706,0.087719,0.558140
744553,WM,RL,0.723132,0.077833,0.641026
744553,GAMBLING,LR,0.332017,0.085203,0.642857
744553,GAMBLING,RL,0.299361,0.092444,0.787879
744553,EMOTION,LR,0.964439,0.102946,0.555556
744553,EMOTION,RL,0.146894,0.076105,0.541667
759869,SOCIAL,LR,1.130220,0.082850,0.588235
759869,SOCIAL,RL,0.411476,0.062722,0.566667
759869,WM,LR,0.555716,0.088246,0.500000
759869,WM,RL,0.540779,0.084032,0.705882
759869,GAMBLING,LR,0.260904,0.074430,0.640000
759869,GAMBLING,RL,0.262901,0.065983,0.551724
759869,EMOTION,LR,0.215640,0.062484,0.652174
759869,EMOTION,RL,0.068213,0.048617,0.666667
763557,SOCIAL,LR,0.599783,0.095948,0.548387
763557,SOCIAL,RL,0.238316,0.110842,0.433333
763557,WM,LR,0.273299,0.091904,0.593750
763557,WM,RL,0.218078,0.077129,0.437500
763557,GAMBLING,LR,0.172700,0.107558,0.482759
763557,GAMBLING,RL,0.234142,0.085303,0.608696
763557,EMOTION,LR,0.179356,0.129505,0.608696
763557,EMOTION,RL,0.286603,0.117452,0.583333
782561,SOCIAL,LR,0.175790,0.056481,0.571429
782561,SOCIAL,RL,0.162274,0.046389,0.461538
782561,WM,LR,0.578856,0.066187,0.612903
782561,WM,RL,0.389795,0.076342,0.567568
782561,GAMBLING,LR,0.188386,0.078065,0.565217
782561,GAMBLING,RL,0.254518,0.058327,0.652174
782561,EMOTION,LR,0.151574,0.064019,0.571429
782561,EMOTION,RL,0.112587,0.060735,0.545455
783462,SOCIAL,LR,0.384150,0.071443,0.533333
783462,SOCIAL,RL,0.397700,0.049907,0.645161
783462,WM,LR,0.143217,0.067493,0.583333
783462,WM,RL,0.298292,0.050818,0.666667
783462,GAMBLING,LR,0.150190,0.061452,0.633333
783462,GAMBLING,RL,0.139432,0.072218,0.655172
783462,EMOTION,LR,0.395859,0.054222,0.600000
783462,EMOTION,RL,0.223122,0.062314,0.583333
800941,SOCIAL,LR,0.199601,0.084832,0.628571
800941,SOCIAL,RL,0.254423,0.083963,0.483871
800941,WM,LR,1.600560,0.146824,0.915493
800941,WM,RL,0.182470,0.060780,0.512821
800941,GAMBLING,LR,0.503411,0.070398,0.676471
800941,GAMBLING,RL,0.277275,0.059267,0.620690
800941,EMOTION,LR,0.483917,0.060343,0.571429
800941,EMOTION,RL,0.077185,0.085056,0.592593
812746,SOCIAL,LR,0.556673,0.078674,0.700000
812746,SOCIAL,RL,0.761065,0.057782,0.675676
812746,WM,LR,1.231020,0.069485,0.647059
812746,WM,RL,0.277976,0.068724,0.628571
812746,GAMBLING,LR,0.243506,0.066170,0.703704
812746,GAMBLING,RL,0.287669,0.064379,0.793103
812746,EMOTION,LR,0.382835,0.052625,0.600000
812746,EMOTION,RL,0.512005,0.062484,0.392857
815247,SOCIAL,LR,0.709811,0.091426,0.555556
815247,SOCIAL,RL,0.683469,0.070166,0.606061
815247,WM,LR,0.640276,0.082877,0.681818
815247,WM,RL,0.355757,0.058992,0.583333
815247,GAMBLING,LR,0.518420,0.086886,0.703704
815247,GAMBLING,RL,0.613667,0.064512,0.730769
815247,EMOTION,LR,0.843467,0.075086,0.518519
815247,EMOTION,RL,0.268901,0.091334,0.607143
837964,SOCIAL,LR,0.238220,0.167483,0.531250
837964,SOCIAL,RL,0.408019,0.131408,0.566667
837964,WM,LR,0.324649,0.145509,0.625000
837964,WM,RL,0.885988,0.098951,0.741935
837964,GAMBLING,LR,0.579165,0.195056,0.714286
837964,GAMBLING,RL,0.314617,0.116437,0.636364
837964,EMOTION,LR,0.205510,0.164979,0.583333
837964,EMOTION,RL,0.218806,0.157359,0.750000
844961,SOCIAL,LR,0.205292,0.056741,0.500000
844961,SOCIAL,RL,0.110291,0.059723,0.541667
844961,WM,LR,0.297996,0.063477,0.633333
844961,WM,RL,0.249102,0.061743,0.566667
844961,GAMBLING,LR,0.158326,0.056919,0.652174
844961,GAMBLING,RL,0.178476,0.057789,0.571429
844961,EMOTION,LR,0.065213,0.062340,0.611111
844961,EMOTION,RL,0.103214,0.061833,0.555556
849971,SOCIAL,LR,0.257653,0.071570,0.566667
849971,SOCIAL,RL,0.178603,0.082713,0.566667
849971,WM,LR,0.153731,0.059654,0.636364
849971,WM,RL,0.474130,0.059546,0.676471
849971,GAMBLING,LR,0.145196,0.060485,0.680000
849971,GAMBLING,RL,0.129161,0.063147,0.692308
849971,EMOTION,LR,0.169151,0.069823,0.565217
849971,EMOTION,RL,0.137094,0.066778,0.590909
884064,SOCIAL,LR,0.215172,0.081061,0.464286
884064,SOCIAL,RL,0.215187,0.074736,0.444444
884064,WM,LR,0.649872,0.089179,0.542857
884064,WM,RL,0.336772,0.081345,0.484848
884064,GAMBLING,LR,0.195585,0.078422,0.625000
884064,GAMBLING,RL,0.447995,0.076162,0.538462
884064,EMOTION,LR,0.196225,0.082791,0.565217
884064,EMOTION,RL,0.249195,0.084766,0.500000
894673,SOCIAL,LR,0.161701,0.074345,0.566667
894673,SOCIAL,RL,0.186486,0.059970,0.592593
894673,WM,LR,0.287967,0.058676,0.705882
894673,WM,RL,0.212594,0.061466,0.575758
894673,GAMBLING,LR,0.107101,0.068934,0.720000
894673,GAMBLING,RL,0.195346,0.067138,0.769231
894673,EMOTION,LR,0.345912,0.068343,0.666667
894673,EMOTION,RL,0.232074,0.058068,0.650000
910443,SOCIAL,LR,0.633342,0.049578,0.562500
910443,SOCIAL,RL,0.200085,0.067561,0.483871
910443,WM,LR,0.360543,0.058228,0.631579
910443,WM,RL,0.181609,0.065096,0.615385
910443,GAMBLING,LR,0.139256,0.065316,0.666667
910443,GAMBLING,RL,0.258679,0.070220,0.689655
910443,EMOTION,LR,0.179975,0.047909,0.454545
910443,EMOTION,RL,0.131124,0.059635,0.521739
930449,SOCIAL,LR,0.333555,0.062715,0.413793
930449,SOCIAL,RL,0.178877,0.064399,0.482759
930449,WM,LR,0.152056,0.068202,0.483871
930449,WM,RL,0.245790,0.064478,0.551724
930449,GAMBLING,LR,0.375833,0.047547,0.565217
930449,GAMBLING,RL,0.689366,0.055023,0.666667
930449,EMOTION,LR,0.254517,0.057766,0.523810
930449,EMOTION,RL,0.213047,0.057711,0.545455
943862,SOCIAL,LR,0.286301,0.072019,0.531250
943862,SOCIAL,RL,0.172978,0.058081,0.290323
943862,WM,LR,0.216652,0.054942,0.529412
943862,WM,RL,0.208565,0.049910,0.419355
943862,GAMBLING,LR,0.133256,0.079681,0.482759
943862,GAMBLING,RL,0.143530,0.054400,0.464286
943862,EMOTION,LR,0.175129,0.060967,0.458333
943862,EMOTION,RL,0.312226,0.077302,0.500000
978578,SOCIAL,LR,0.161578,0.084875,0.551724
978578,SOCIAL,RL,0.279634,0.089456,0.620690
978578,WM,LR,0.817909,0.105209,0.682927
978578,WM,RL,0.531784,0.096095,0.711111
978578,GAMBLING,LR,0.216464,0.078426,0.720000
978578,GAMBLING,RL,0.155890,0.077832,0.640000
978578,EMOTION,LR,0.263326,0.063786,0.681818
978578,EMOTION,RL,0.307719,0.081654,0.565217
